nome,grupo,afiliacao,anos_presente,n_anos
Maria Antônia Barros Freire Silva,Público,IAT,"2021, 2022, 2023, 2024, 2025, 2026",6
Rodolfo Vassoler da Silva,Público,PROGE,"2021, 2022, 2023, 2024, 2025, 2026",6
Érica Khatlab Kuraoka,Público,SANEPAR,"2021, 2022, 2023, 2024, 2025, 2026",6
Adonai Vinícius Zamboti,Privado,CODEM,"2024, 2025",2
Adriana Martines Garcia,Público,SEDUC,"2023, 2024",2
Aline Cristina Ramos Gava,Público,SELURB,"2023, 2024",2
Aline Priscila Bortolotto,Sociedade Civil,CREA,"2021, 2022",2
Aline Yukie Minasse Watanabe,Privado,FIEP,"2025, 2026",2
Amanda Cristina O. C. Vecchi,Academia,Instituto Cidade Canção,2026,1
Ana Lucia Rodrigues,Público,CMM,"2021, 2022, 2024, 2025, 2026",5
Ana Maria Alves Sapata Leme,Público,SEMUSP/SELURB,"2021, 2022",2
Ana Paula do Carmo Donato,Público,SEDUC,"2021, 2022",2
Andre Felipe Pereira Matos,Público,IAT,2025,1
Andrey Sergio Limonta,Público,SELURB,"2024, 2025, 2026",3
André da Costa Martins,Público,SEPLAN,"2021, 2022",2
Angélica Pelisson Franzin,Privado,Sindicato Rural de Maringá,"2021, 2022, 2025, 2026",4
Antônio Carlos Cavalheiro Moreto,Público,IAP/IAT,"2021, 2022, 2023",3
Bruna Caroline Altomani,Privado,COCAMAR,2023,1
Bruna Tais de Lima Moreira,Sociedade Civil,Instituto Cidade Canção,"2024, 2025, 2026",3
Bruno Grego dos Santos,Sociedade Civil,OAB,2024,1
Bruno Tonial Knappmann,Privado,CODEM,"2024, 2025, 2026",3
Claudia Costa Bonecker,Academia,UEM,"2023, 2024",2
Claudinei José Vecchi,Sociedade Civil,Instituto Funverde,"2021, 2022, 2023, 2024, 2025",5
Cláudio José Jorge,Sociedade Civil,Instituto Funverde,"2023, 2024, 2025, 2026",4
César Augusto Moreno,Sociedade Civil,OAB,2023,1
Diego Filipe Belloni,Privado,ACIM,"2021, 2022",2
Douglas Fabiano Costa de Lima,Público,SEURBH,"2021, 2022, 2023, 2024",4
Edi Junior Peliçon,Público,COPEL,"2023, 2024",2
Edlaura Gutierrez Pires,Público,SEURBH,"2023, 2024",2
Eduardo Alcântara Ribeiro,Público,Sec. Mun. de Saúde,"2021, 2022",2
Eduardo Augustinho dos Santos,Privado,CODEM,"2021, 2022",2
Eduardo Henrique de Araújo,Público,COPEL,2023,1
Elaine Massulo Biagi,Público,IAT,2024,1
Elenice Tavares Abreu,Academia,UEM,"2021, 2022",2
Erick Franco de Ramos,Público,SELURB,2024,1
Fernanda Jasinski Marcato,Público,SELURB,2023,1
Fernando Henrique de Santana Novaes,Academia,UNICV,"2025, 2026",2
Fernando Ursen Dias de Souza,Sociedade Civil,Instituto BiodiverCidade,2024,1
Francielly Podanoschi de Castro,Sociedade Civil,OAB,2023,1
Gabriel Borin Navachi,Público,Sec. Mun. de Saúde,"2023, 2024",2
Gilson José Fagion,Privado,INTEGRADA Cooperativa Agroindustrial,"2021, 2022, 2023, 2024",4
Gisele Visioli,Privado,Sindicato Rural de Maringá,"2021, 2022",2
Gislaine Lara Bussolo,Sociedade Civil,CREA,"2021, 2022",2
Gustavo Henrique Marques Rocha,Privado,COCAMAR,"2021, 2022",2
Heloisa Helena da Silva Machado,Academia,UEM,"2025, 2026",2
Isadora Janolio de Oliveira,Sociedade Civil,CRBio,"2023, 2024",2
Jessica Cristine Gontijo,Sociedade Civil,Instituto Cidade Canção,"2021, 2022",2
Joel Carneiro do Santos Filho,Público,EMATER/IDR,"2021, 2022",2
Jonson Rodrigues Farias Junior,Público,SEDUC,2025,1
Jose Roberto Francisco Behrend,Público,IAM,"2023, 2024, 2025, 2026",4
Jose Roberto Francisco Behrend,Privado,ACIM,"2023, 2024",2
José Evangelista dos Santos,Público,SEDUC,2023,1
João Batista Pereira da Silva,Privado,SINDUSCON,"2023, 2024",2
Juliane Aparecida Kerkhoff,Público,IAM,"2022, 2023, 2024",3
Julimari A. Bonvechio de Oliveira,Academia,UNIFAMMA,"2023, 2024",2
Keilla/Keola Francieli Marana da Fonseca,Público,SEDUC,"2025, 2026",2
Larissa Aparecida Webber Antunes,Público,SEMUSP/SELURB,2022,1
Laurice de Fátima Gobbi Ricardo,Academia,Unifamma,"2021, 2022",2
Layla Gabrielly Jardim Olivatti,Academia,UNIFAMMA,"2023, 2024",2
Leandro Cobre Sanches,Público,SEDUC,"2021, 2022",2
Leonardo Sperandio Furtado,Privado,ACIM,"2023, 2024, 2025, 2026",4
Lidia Maria da Fonseca Maróstica,Sociedade Civil,CRBio,"2021, 2022, 2025, 2026",4
Lorena Camila de Lima,Sociedade Civil,CRBio,2025,1
Luciana Sgarbi,Público,PROGE,"2024, 2025",2
Luciano Belato Alves,Público,Sec. Mun. de Saúde,"2023, 2024, 2025",3
Luerti Gallina,Sociedade Civil,Instituto Funverde,"2021, 2022",2
Luiz Eduardo Borin Gonçalves,Privado,FIEP,"2021, 2022",2
Luzia Mara M. F. Amorim,Público,CREA,2026,1
Luzia Mara Mendes Ferrer Amorim,Sociedade Civil,CREA,"2023, 2024, 2025",3
Marcelly Pereira de Araújo,Privado,FIEP,"2023, 2024",2
Marcelo Celestino,Público,COPEL,"2021, 2022",2
Marcelo Coelho Silva,Público,PROGE,"2021, 2022",2
Marcelo Felix Frade,Privado,ACIM,"2024, 2025, 2026",3
Marco Antônio Bosio,Público,PROGE,2023,1
Marco Antônio Lopes de Azevedo,Público,SEMA,"2021, 2022",2
Marcos Bento Veshagem,Sociedade Civil,OAB,"2021, 2022",2
Marcos Queiroz da Silva,Público,COPEL,"2024, 2025, 2026",3
Maria de Los Angeles Perez Lizama,Academia,Instituto Cesumar,"2021, 2022",2
Mariana Prado Bernabé,Sociedade Civil,OAB,"2021, 2022",2
Marina Moura Baggio,Privado,Sindicato Rural de Maringá,"2023, 2024",2
Marisa Emília Ereno,Público,SEMA,"2021, 2022",2
Matheus Gimenez Buzo,Público,IAM,"2023, 2024",2
Matheus Maximilian Ratz,Sociedade Civil,Instituto BiodiverCidade,"2023, 2024",2
Melissa Graciotto Silva Brambilla,Privado,Sindicato Rural de Maringá,2025,1
Michelle Yukari Tabada,Privado,COCAMAR,"2024, 2025",2
Márcia Aparecida Andreazzi,Academia,Instituto Cesumar/ICETI,"2021, 2022, 2025, 2026",4
Mônica Nicolau de Castro Mendonça,Academia,UNICV,2025,1
Natalia Cavalini Paganini,Privado,COCAMAR,2025,1
Nathan Bandiera Lopes,Sociedade Civil,Instituto BiodiverCidade,2023,1
Olga Maria Mussnich Polidoro Couto,Público,COPEL,2025,1
Osvaldo Krulli Junior,Público,EMATER/IDR,2023,1
Patrícia Theodoro Santana,Público,IAT,2024,1
Paula Polastri,Academia,Instituto Cesumar,2025,1
Paulino Heitor Mexia,Público,IAM,2025,1
Paulo Henrique Biazon Santos,Público,CMM,"2023, 2024",2
Paulo Roberto Milagres,Público,EMATER/IDR,"2021, 2022, 2023",3
Pedro Henrique dos Santos,Público,SEURBH,"2024, 2025, 2026",3
Raphael Farias Martins,Sociedade Civil,OAB,2024,1
Rayane Monteiro dos Reis Silva,Sociedade Civil,Instituto Cidade Canção,2023,1
Regiane da Silva Santos,Público,SEDUC,2025,1
Roberto Ponce Martins,Público,COPEL,"2021, 2022",2
Rodrigo Camilo,Academia,UEM,"2023, 2024, 2025, 2026",4
Rogério Barbosa de Lima,Sociedade Civil,CRBio,"2021, 2022, 2023, 2024",4
Rogério Penteado de Souza,Privado,ACIM,"2021, 2022",2
Rosa Cripa / Rosa Maria Cripa Moreno,Público,Sec. Mun. de Saúde,"2021, 2022, 2024, 2025, 2026",5
Rosangela Marques de Oliveira,Público,COMDEMA,2026,1
Rosilene Nogueira Gonçalves,Academia,Unifamma,"2021, 2022",2
Rúbia Irma Sales,Público,SELURB,2025,1
Sandra Mara Nepomuceno Cardoso,Privado/Soc. Civil,CODEM → CREA,"2021, 2022, 2023, 2024, 2025",5
Sandra Margarete Brescansin Cantagalli,Privado,FIEP,"2021, 2022, 2023, 2024, 2025",5
Sara Belini de Gois,Sociedade Civil,Instituto Cidade Canção,"2023, 2024, 2025",3
Selma Aparecida Carvalho Avelar,Público,SANEPAR,"2023, 2024, 2025",3
Sidnei Telles Filho,Público,CMM,"2021, 2022, 2023, 2024, 2025",5
Silvia Helena Podolan,Privado,COCAMAR,2025,1
Silvia Yukari Tabada,Privado,COCAMAR,2026,1
Susicley Jati,Academia,UEM,2022,1
Sônia Trannin de Mello,Academia,UEM,"2021, 2022",2
Telma Xavier do Nascimento,Público,SEDUC,2024,1
Thayssa Priscila C. Santos,Sociedade Civil,Instituto Cidade Canção,"2021, 2022",2
Thiago Romagnolo Alves,Sociedade Civil,OAB,2025,1
Valdirene Maria Nielsen de Castro,Público,SEDUC,2025,1
Vinicius Antônio Sanches Sismeiro,Público,SEURBH,"2024, 2025",2
Vitor Alécio Sevilha Gorzoni,Público,SANEPAR,"2021, 2022",2
Wesley Sanchez Pereira,Sociedade Civil,OAB,"2025, 2026",2
