code,name,acronym,sphere,nature,group_type,ccfla_main,ccfla_secondary,justification
ORG-01,Instituto de Pesquisa e Planejamento Urbano de Maringá,IPPLAM,Municipal,Autarquia de planejamento,Público,"D3 – Dados, Conhecimento e Inteligência Climática",D1; D4,"Contraparte técnica da consultoria e órgão central de planejamento urbano; concentra produção de dados, planejamento territorial e integração entre as dimensões da metodologia CCFLA/CEPAL."
ORG-02,Secretaria de Obras Públicas,SEMOP,Municipal,Administração direta,Público,D1 – Planejamento e Política Climática,D2,"Responsável por obras de infraestrutura urbana; relevante para projetos financiáveis de adaptação, drenagem e resiliência."
ORG-03,Secretaria de Urbanismo e Habitação,SEURBH,Municipal,Administração direta,Público,D1 – Planejamento e Política Climática,D3,"Planejamento urbano, uso e ocupação do solo e habitação; central para adaptação, resiliência urbana e estruturação de projetos financiáveis."
ORG-04,Procuradoria Geral do Município,PROGE,Municipal,Administração direta,Público,D2 – Financiamento Climático e Capacidade Fiscal,D4,"Assegura viabilidade jurídica de instrumentos de financiamento, contrapartidas, operações de crédito e convênios."
ORG-05,Secretaria de Infraestrutura,SEINFRA,Municipal,Administração direta,Público,D1 – Planejamento e Política Climática,D2,"Infraestrutura urbana, drenagem e obras estruturantes; projetos de adaptação e resiliência climática."
ORG-06,Secretaria de Limpeza Urbana,SELURB,Municipal,Administração direta,Público,D1 – Planejamento e Política Climática,D3,"Gestão de resíduos sólidos e arborização urbana; relevante para mitigação, serviços ecossistêmicos e cobertura verde."
ORG-07,Secretaria de Governo,SEGOV,Municipal,Administração direta,Público,"D4 – Governança, Participação e Articulação Institucional",,Coordenação intragovernamental e articulação política; sustenta a governança horizontal do processo.
ORG-08,Instituto Ambiental de Maringá,IAM,Municipal,Autarquia ambiental,Público,D1 – Planejamento e Política Climática,D3,"Órgão ambiental municipal: licenciamento, controle ambiental, projetos e obras ambientais e saneamento; central para política climática e dados ambientais."
ORG-09,Secretaria Municipal de Fazenda,SEFAZ,Municipal,Administração direta,Público,D2 – Financiamento Climático e Capacidade Fiscal,,"Fundamental para avaliar orçamento, PPA, LDO, LOA, capacidade fiscal, endividamento, contrapartidas, fundos, operações de crédito e instrumentos de financiamento climático. Grande parte do eixo ""Orçamento e Finanças"" da CEPAL depende dessa secretaria."
ORG-10,Coordenadoria Municipal de Proteção e Defesa Civil,Defesa Civil,Municipal,Administração direta,Público,D1 – Planejamento e Política Climática,D3,"Essencial para as dimensões de adaptação, riscos climáticos, eventos extremos, planos de contingência, vulnerabilidade e priorização territorial. É um dos principais atores da metodologia da CEPAL."
ORG-11,Secretaria de Mobilidade Urbana,SEMOB,Municipal,Administração direta,Público,D1 – Planejamento e Política Climática,D2,"Importante para avaliar mitigação no transporte, PlanMob, transporte coletivo, mobilidade ativa, emissões e projetos financiáveis de mobilidade sustentável."
ORG-12,Conselho Municipal de Defesa do Meio Ambiente,COMDEMA,Municipal,Conselho deliberativo,Público,"D4 – Governança, Participação e Articulação Institucional",D1,"Complementa a avaliação da governança, participação social, funcionamento do FUNDEMA e mecanismos de deliberação."
ORG-13,Universidade Estadual de Maringá,UEM,Estadual,Universidade pública,Academia,"D3 – Dados, Conhecimento e Inteligência Climática",D4,"Parceira estratégica para validar estudos sobre clima, drenagem, vulnerabilidade, biodiversidade e geoprocessamento e apoiar a identificação de dados científicos disponíveis."
ORG-14,Instituto Água e Terra (ex-IAP),IAT,Estadual,Autarquia ambiental,Público,"D3 – Dados, Conhecimento e Inteligência Climática",D4,"Órgão ambiental estadual (licenciamento, recursos hídricos e dados ambientais); articulação vertical estado–município. Com assento no COMDEMA (2021–2026)."
ORG-15,Companhia de Saneamento do Paraná,SANEPAR,Estadual,Empresa pública,Público,D1 – Planejamento e Política Climática,D3,"Saneamento e recursos hídricos; relevante para adaptação, drenagem e segurança hídrica. Com assento no COMDEMA (2021–2026)."
ORG-16,Companhia Paranaense de Energia,COPEL,Estadual,Empresa pública,Público,D1 – Planejamento e Política Climática,,"Setor de energia; relevante para mitigação, eficiência energética e projetos de energia limpa. Com assento no COMDEMA (2021–2026)."
ORG-17,Instituto de Desenvolvimento Rural do Paraná / EMATER,EMATER/IDR,Estadual,Autarquia/instituto,Público,"D3 – Dados, Conhecimento e Inteligência Climática",,Extensão rural e desenvolvimento agrícola; interface rural–urbana e uso do solo. Com assento no COMDEMA (2021–2026).
ORG-18,Câmara Municipal de Maringá,CMM,Municipal,Poder legislativo,Público,"D4 – Governança, Participação e Articulação Institucional",D2,Poder legislativo municipal; aprovação de instrumentos legais e orçamentários da política climática. Com assento no COMDEMA (2021–2026).
ORG-19,Associação Comercial e Empresarial de Maringá,ACIM,Municipal,Entidade empresarial,Privado,"D4 – Governança, Participação e Articulação Institucional",D2,"Setor produtivo com assento no COMDEMA (2021–2026); relevante para mobilização de investimento privado, PPPs e engajamento na governança climática."
ORG-20,Federação das Indústrias do Estado do Paraná,FIEP,Estadual,Entidade empresarial,Privado,"D4 – Governança, Participação e Articulação Institucional",D2,"Representação industrial com assento no COMDEMA (2021–2026); relevante para transição produtiva, financiamento privado e PPPs."
ORG-21,Conselho de Desenvolvimento Econômico de Maringá,CODEM,Municipal,Conselho/entidade,Privado,"D4 – Governança, Participação e Articulação Institucional",D2,Articulação de desenvolvimento econômico local com assento no COMDEMA (2021–2026); relevante para agenda de investimentos e engajamento privado.
ORG-22,COCAMAR Cooperativa Agroindustrial,COCAMAR,Regional,Cooperativa,Privado,"D4 – Governança, Participação e Articulação Institucional",,"Cooperativa agroindustrial com assento no COMDEMA (2021–2026); interface com uso do solo, cadeias produtivas e financiamento verde do agro."
ORG-23,INTEGRADA Cooperativa Agroindustrial,INTEGRADA,Regional,Cooperativa,Privado,"D4 – Governança, Participação e Articulação Institucional",,"Cooperativa agroindustrial com assento no COMDEMA (2021–2026); relevante para bioeconomia, uso do solo e financiamento do agro."
ORG-24,Sindicato Rural de Maringá,Sind. Rural,Municipal,Sindicato,Privado,"D4 – Governança, Participação e Articulação Institucional",,Representação do setor rural com assento no COMDEMA (2021–2026); interface rural–urbana e engajamento produtivo.
ORG-25,Sindicato da Indústria da Construção Civil,SINDUSCON,Regional,Sindicato,Privado,"D4 – Governança, Participação e Articulação Institucional",D1,Setor da construção civil com assento no COMDEMA (2021–2026); relevante para construção sustentável e projetos financiáveis.
ORG-26,"Instituto Cesumar de Ciência, Tecnologia e Inovação / Unicesumar",ICETI/Unicesumar,Municipal,Instituição de ensino/pesquisa,Academia,"D3 – Dados, Conhecimento e Inteligência Climática",,Produção de conhecimento e pesquisa aplicada com assento no COMDEMA (2021–2026); apoio a dados científicos e estudos de vulnerabilidade.
ORG-27,Faculdade Metropolitana de Maringá,UNIFAMMA,Municipal,Instituição de ensino,Academia,"D3 – Dados, Conhecimento e Inteligência Climática",,Instituição de ensino com assento no COMDEMA (2021–2026); apoio a estudos e capacitação técnica.
ORG-28,Centro Universitário (UNICV),UNICV,Municipal,Instituição de ensino,Academia,"D3 – Dados, Conhecimento e Inteligência Climática",,Instituição de ensino com assento no COMDEMA (2021–2026); apoio a produção de conhecimento local.
ORG-29,Instituto Funverde,Funverde,Municipal,ONG socioambiental,Sociedade Civil,"D4 – Governança, Participação e Articulação Institucional",D1,ONG socioambiental com assento no COMDEMA (2021–2026); participação e controle social da agenda ambiental.
ORG-30,Instituto Cidade Canção,ICC,Municipal,ONG/fundação,Sociedade Civil,"D4 – Governança, Participação e Articulação Institucional",,Organização da sociedade civil com assento no COMDEMA (2021–2026); mobilização social e projetos socioambientais.
ORG-31,Instituto BiodiverCidade,BiodiverCidade,Municipal,ONG socioambiental,Sociedade Civil,"D4 – Governança, Participação e Articulação Institucional",D3,ONG voltada à biodiversidade urbana com assento no COMDEMA (2021–2026); apoio a dados e projetos de conservação.
ORG-32,Conselho Regional de Engenharia e Agronomia,CREA,Estadual,Conselho profissional,Sociedade Civil,"D4 – Governança, Participação e Articulação Institucional",,Conselho profissional com assento no COMDEMA (2021–2026); assessoria técnica e participação na governança.
ORG-33,Conselho Regional de Biologia,CRBio,Estadual,Conselho profissional,Sociedade Civil,"D4 – Governança, Participação e Articulação Institucional",,Conselho profissional com assento no COMDEMA (2021–2026); assessoria técnica ambiental e participação.
ORG-34,Ordem dos Advogados do Brasil,OAB,Estadual,Conselho profissional,Sociedade Civil,"D4 – Governança, Participação e Articulação Institucional",,Conselho profissional com assento no COMDEMA (2021–2026); assessoria jurídica e participação na governança.
